Unnamed: 0,TopHitNum,DriftRate,SNR,Freq,ChanIndx,FreqStart,FreqEnd,CoarseChanNum,FullNumHitsInRange,FileID,Source,MJD,RA,DEC,DELTAT,DELTAF,max_drift_rate,obs_length,Hit_ID,status,in_n_ons,RFI_in_range,delta_t,freq_distance
15,16,-38.338637,74.842705,8414.468745,367,8414.474487,8414.463002,0,6,/datax/scratch/wlll2x/mars_midres_coarse968/h5spliced_blc10111213141516o7o0212223242526o7o031323334353637_guppi_59256_66265_DIAG_Mars2020_0011.rawspec.0002_coarse968.h5,DIAG_MARS2020,59256.76695601852,00h00m00.000ss,+00d00m00.00s,1.073742,-2861.022949,47.923296,299.573969,,on_table_1,,,0.0,0.00024699999994481914
41,14,-38.338637,123.975471,8414.468745,367,8414.474487,8414.463002,0,6,/datax/scratch/wlll2x/mars_midres_coarse968/h5spliced_blc10111213141516o7o0212223242526o7o031323334353637_guppi_59256_66892_DIAG_Mars2020_0013.rawspec.0002_coarse968.h5,DIAG_MARS2020,59256.77421296296,00h00m00.000ss,+00d00m00.00s,1.073742,-2861.022949,47.923296,299.573969,,on_table_2,,,627.0000000949949,0.00024699999994481914
82,25,-38.338637,155.81517,8414.468745,367,8414.474487,8414.463002,0,6,/datax/scratch/wlll2x/mars_midres_coarse968/h5spliced_blc10111213141516o7o0212223242526o7o031323334353637_guppi_59256_67519_DIAG_Mars2020_0015.rawspec.0002_coarse968.h5,DIAG_MARS2020,59256.78146990741,00h00m00.000ss,+00d00m00.00s,1.073742,-2861.022949,47.923296,299.573969,,on_table_3,,,1254.0000001899898,0.00024699999994481914
49,22,47.923296,168.854645,8414.470221,384,8414.463043,8414.4774,0,35,/datax/scratch/wlll2x/mars_midres_coarse968/h5spliced_blc10111213141516o7o0212223242526o7o031323334353637_guppi_59256_66892_DIAG_Mars2020_0013.rawspec.0002_coarse968.h5,DIAG_MARS2020,59256.77421296296,00h00m00.000ss,+00d00m00.00s,1.073742,-2861.022949,47.923296,299.573969,,on_table_2,,,627.0000000949949,0.0012289999995118706
57,30,47.923296,309.001984,8414.470221,383,8414.463043,8414.4774,0,35,/datax/scratch/wlll2x/mars_midres_coarse968/h5spliced_blc10111213141516o7o0212223242526o7o031323334353637_guppi_59256_66892_DIAG_Mars2020_0013.rawspec.0002_coarse968.h5,DIAG_MARS2020,59256.77421296296,00h00m00.000ss,+00d00m00.00s,1.073742,-2861.022949,47.923296,299.573969,,on_table_2,,,627.0000000949949,0.0012289999995118706
